{"count":10,"results":[{"id":1,"name":"Back to the basics","description":"Discover, where it all began. I had an awesome custom search saved for searching on host information, but can't find it. Maybe you can help me?","max_attempts":0,"value":10,"category":"(re)Discover","type":"standard","state":"visible","requirements":null,"connection_info":"https://127.0.0.1:5601/app/discover","next_id":null,"attribution":null},{"id":2,"name":"I like a good query.","description":"Come to think of it, I think I had a gnarly saved query also, please find it for me!","max_attempts":0,"value":20,"category":"(re)Discover","type":"standard","state":"visible","requirements":{"prerequisites":[1]},"connection_info":null,"next_id":null,"attribution":null},{"id":3,"name":"Ahh, that is quite the (Data) View","description":"Data views are great to narrow focus on a specific dataset. Thankfully I created the perfect data view for analyzing random events, but I forgot what events I was mapping these too, please help!\r\n\r\n![](https://cdn.crowdriff.com/in-use/88de5ecf-7fa6-8684-15b9-4ee9586f4633/1080.jpg)","max_attempts":0,"value":30,"category":"(re)Discover","type":"standard","state":"visible","requirements":{"prerequisites":[2]},"connection_info":null,"next_id":4,"attribution":""},{"id":4,"name":"Ahh, that is quite the (Data) View [Bonus]","description":"Also, I am not a fan of these random IDs that get associated with my data views since it is a nightmare when figuring out what data view was applied to my searches or dashboards when they get removed, so I created my own muhahahah!\r\n\r\n![](https://cdn.crowdriff.com/in-use/34dfa25e-208e-a898-f577-d109adb6a053/1080.jpg)","max_attempts":0,"value":50,"category":"(re)Discover","type":"standard","state":"visible","requirements":{"prerequisites":[3]},"connection_info":null,"next_id":null,"attribution":""},{"id":5,"name":"Advanced Query","description":"Sometimes the queries I find are very hard to understand. Maybe if I slowed down to read through the query, then perhaps it will make sense!\r\n\r\n![](https://preview.redd.it/jfl6i8ch8kc41.jpg?auto=webp&s=a40ec06bb002b4b5d013dc9aea00e145f9a88899)","max_attempts":0,"value":40,"category":"(re)Discover","type":"standard","state":"visible","requirements":null,"connection_info":null,"next_id":null,"attribution":""},{"id":6,"name":"Future","description":"I have heard tales of computer systems so advanced that they predict (and log into) the future!\r\n\r\n![](https://media1.tenor.com/m/Vi0AbgoMvXAAAAAd/future-spongebob.gif)","max_attempts":0,"value":30,"category":"(re)Discover","type":"standard","state":"visible","requirements":null,"connection_info":null,"next_id":null,"attribution":null},{"id":7,"name":"Context, please.","description":"Every now and again I see fields that I am unsure of what they mean. They should really have a description on those!","max_attempts":0,"value":30,"category":"(re)Discover","type":"standard","state":"visible","requirements":{"prerequisites":[6]},"connection_info":null,"next_id":null,"attribution":null},{"id":8,"name":"\u26a0\ufe0f \ud83d\udd70\ufe0f \u26cf\ufe0f","description":"Good news, I cracked the code on creating custom time selection. I created the perfect time selector that upper management  just might promote me on this awesome idea alone. Don't steal my idea!\r\n\r\nOn a completly unrelated note, how many days has it been since our last incident?\r\n\r\nAnswer is in the format of: {ctf_X_days_since_last_incident} where X = number of days.\r\n\r\n![](https://media1.tenor.com/m/FkJZe6MJ2u8AAAAd/rafiki-its-time.gif)","max_attempts":5,"value":30,"category":"(re)Discover","type":"standard","state":"visible","requirements":{"prerequisites":[2]},"connection_info":null,"next_id":null,"attribution":""},{"id":9,"name":"Patt Erns","description":"There is a new guy in town and his name is Patt Erns. He claims there is an easy way to identify interesting arrangements of data. Is this something that you know how to do?\r\n\r\n![](https://wallpapersok.com/images/hd/doge-meme-faces-pattern-fqbgpvculd0224cz.jpg)","max_attempts":0,"value":50,"category":"(re)Discover","type":"standard","state":"visible","requirements":{"prerequisites":[8]},"connection_info":null,"next_id":null,"attribution":""},{"id":10,"name":"Data is more than what meets the eye","description":"Allegedly Kibana can render more than just plain text in fields. I wonder if it can render images!\r\n\r\n![](https://y.yarn.co/a0a279b0-ab4f-43c2-82ce-ad3f6de61381_text.gif)","max_attempts":0,"value":60,"category":"(re)Discover","type":"dynamic","state":"visible","requirements":{"prerequisites":[3,7],"anonymize":true},"connection_info":null,"next_id":null,"attribution":null}],"meta":{}}