{"count":19,"results":[{"id":2,"challenge_id":1,"user_id":1,"team_id":null},{"id":3,"challenge_id":2,"user_id":1,"team_id":null},{"id":4,"challenge_id":3,"user_id":1,"team_id":null},{"id":5,"challenge_id":4,"user_id":1,"team_id":null},{"id":6,"challenge_id":5,"user_id":1,"team_id":null},{"id":7,"challenge_id":6,"user_id":1,"team_id":null},{"id":8,"challenge_id":8,"user_id":1,"team_id":null},{"id":9,"challenge_id":9,"user_id":1,"team_id":null},{"id":10,"challenge_id":7,"user_id":1,"team_id":null},{"id":11,"challenge_id":1,"user_id":2,"team_id":null},{"id":13,"challenge_id":2,"user_id":2,"team_id":null},{"id":14,"challenge_id":5,"user_id":2,"team_id":null},{"id":15,"challenge_id":3,"user_id":2,"team_id":null},{"id":16,"challenge_id":4,"user_id":2,"team_id":null},{"id":17,"challenge_id":8,"user_id":2,"team_id":null},{"id":18,"challenge_id":6,"user_id":2,"team_id":null},{"id":20,"challenge_id":7,"user_id":2,"team_id":null},{"id":21,"challenge_id":9,"user_id":2,"team_id":null},{"id":22,"challenge_id":10,"user_id":2,"team_id":null}],"meta":{}}