{"count":2,"results":[{"id":1,"oauth_id":null,"name":"admin","password":"$bcrypt-sha256$v=2,t=2b,r=12$47LQcw4uqJV9Nr62mKhgrO$dsqEArlmpQ/q0ZD5SuuZVcjJ1mI4XeO","email":"nicpenning@gmail.com","type":"admin","secret":null,"website":null,"affiliation":null,"country":null,"hidden":1,"banned":0,"verified":0,"team_id":null,"created":"2024-11-27T18:43:29.908166","language":null,"bracket_id":null},{"id":2,"oauth_id":null,"name":"hello","password":"$bcrypt-sha256$v=2,t=2b,r=12$1R39WB7G8CAYXhfs4msR5u$QSdljBUYBiIZ302VMtjShrd0Sfkllm.","email":"test@test.com","type":"user","secret":null,"website":null,"affiliation":null,"country":null,"hidden":0,"banned":0,"verified":0,"team_id":null,"created":"2024-12-01T22:18:27.934348","language":null,"bracket_id":null}],"meta":{}}