{"count":3,"results":[{"id":1,"type":"standard","location":"c6082eed5d05c09da527e39323b3b0cb/DALLE_2024-12-18_15.56.28_-_A_digital_and_epic_logo_design_representing_ELK_Elasticsearch_Logstash_Kibana_tailored_for_a_Capture_The_Flag_CTF_event._The_logo_features_a_ma.webp","challenge_id":null,"page_id":null,"sha1sum":"63b08f30e5c2bf7cfdff33d5916fedd34a7fc153"},{"id":2,"type":"page","location":"21ed38365aaa3d6f3f830b38d9299451/DALLE_2024-12-18_15.56.28_-_A_digital_and_epic_logo_design_representing_ELK_Elasticsearch_Logstash_Kibana_tailored_for_a_Capture_The_Flag_CTF_event._The_logo_features_a_ma.webp","challenge_id":null,"page_id":null,"sha1sum":"63b08f30e5c2bf7cfdff33d5916fedd34a7fc153"},{"id":4,"type":"page","location":"01c7c858caafe1cf51ae27aca91305d3/Avqrz.jpg","challenge_id":null,"page_id":null,"sha1sum":"e15e816a1b9cff6d1443b10216265272d76aab0f"}],"meta":{}}