{"count":16,"results":[{"id":1,"challenge_id":1,"type":"static","content":"{ctf_one_search_to_rule_them_all}","data":"case_insensitive"},{"id":2,"challenge_id":2,"type":"static","content":"{ctf_one_query_to_find_them_all}","data":"case_insensitive"},{"id":3,"challenge_id":3,"type":"static","content":"{ctf_sweet_my_own_data_view}","data":"case_insensitive"},{"id":4,"challenge_id":4,"type":"static","content":"{ctf_sweet_my_own_data_view_id}","data":"case_insensitive"},{"id":5,"challenge_id":5,"type":"static","content":"{ctf_fancy_query_in_json}","data":"case_insensitive"},{"id":6,"challenge_id":6,"type":"static","content":"{ctf_where_we_goin_we_dont_need_roads}","data":"case_insensitive"},{"id":7,"challenge_id":7,"type":"static","content":"{ctf_meta_data_is_data_too}","data":"case_insensitive"},{"id":8,"challenge_id":8,"type":"static","content":"38","data":"case_insensitive"},{"id":9,"challenge_id":8,"type":"static","content":"{ctf_38_days_since_last_incident}","data":"case_insensitive"},{"id":10,"challenge_id":9,"type":"static","content":"{ctf_hay_in_the_needle_stack}","data":"case_insensitive"},{"id":11,"challenge_id":10,"type":"static","content":"{ctf_images_everywhere}","data":""},{"id":12,"challenge_id":11,"type":"static","content":"{ctf_es|ql_is_not_sql_yay}","data":""},{"id":13,"challenge_id":12,"type":"static","content":"{ctf_c2_with_powershell_is_fun}","data":"case_insensitive"},{"id":14,"challenge_id":13,"type":"static","content":"{ctf_comments_for_the_win}","data":"case_insensitive"},{"id":15,"challenge_id":14,"type":"static","content":"{ctf_creating_lens_from_es|ql_is_kinda_cool}","data":"case_insensitive"},{"id":16,"challenge_id":15,"type":"static","content":"{ctf_wow_nice_job_finding_this_custom_id}","data":"case_insensitive"}],"meta":{}}