{"count":1,"results":[{"id":1,"title":"Kibana CTF","route":"index","content":"<div class=\"row\">\r\n    <div class=\"col-md-6 offset-md-3\">\r\n        <img class=\"w-100 mx-auto d-block\" style=\"max-width: 500px;padding: 50px;padding-top: 14vh;\" src=\"/files/21ed38365aaa3d6f3f830b38d9299451/DALLE_2024-12-18_15.56.28_-_A_digital_and_epic_logo_design_representing_ELK_Elasticsearch_Logstash_Kibana_tailored_for_a_Capture_The_Flag_CTF_event._The_logo_features_a_ma.webp\" />\r\n        <h3 class=\"text-center\">\r\n            <p>A cool CTF platform from <a href=\"https://ctfd.io\">ctfd.io</a></p>\r\n        </h3>\r\n        <br>\r\n        <h4 class=\"text-center\">\r\n            <a href=\"admin\">Login</a> or <a href=\"register\">Register</a>\r\n        </h4>\r\n    </div>\r\n</div>","draft":0,"hidden":0,"auth_required":0,"format":"markdown","link_target":null}],"meta":{}}